Statistic, Task, 0 min, 10 min, 20 min, 30 min, 40 min, 50 min, 60 min, 70 min, 80 min, 90 min, 100 min, 110 min, 120 min, 130 min, 140 min, 150 min, 160 min, 170 min, 180 min, 190 min, 200 min, 210 min, 220 min, 230 min, 240 min, 250 min, 260 min, 270 min, 280 min, 290 min, 300 min, 310 min, 320 min, 330 min, 340 min, 350 min, 360 min, 370 min, 380 min, 390 min, 400 min, 410 min, 420 min, 430 min, 440 min, 450 min, 460 min, 470 min,
Utilization, 0, 0.131198, 0.128835, 0.128079, 0.0119982, 0.0113623, 0.0123496, 0.0106787, 0.0153608, 0.00821125, 0.0123332, 0.0110584, 0.00921972, 0.0112044, 0.00897977, 0.0111618, 0.00975681, 0.00878851, 0.0103244, 0.0130056, 0.0141141, 0.0084286, 0.00989322, 0.00847398, 0.00887988, 0.0135416, 0.0117228, 0.0106686, 0.0104503, 0.00805371, 0.0131412, 0.0150955, 0.00849234, 0.0104938, 0.0118668, 0.00975061, 0.0124263, 0.0111399, 0.0118719, 0.0101874, 0.012513, 0.00759195, 0.0115711, 0.0123837, 0.0115857, 0.00744437, 0.107349, 0.106276, 0.104714
, , 0.0629134, 0.0629055, 0.061712, 0.0155326, 0.0192583, 0.0168624, 0.0169197, 0.0191241, 0.0136464, 0.0201643, 0.0172, 0.0157209, 0.0180509, 0.0166101, 0.0204254, 0.0150799, 0.0153583, 0.0187295, 0.0204586, 0.0204048, 0.0134732, 0.0149712, 0.0134903, 0.0144317, 0.0241381, 0.0179821, 0.0152399, 0.0169472, 0.0145066, 0.0190321, 0.023364, 0.0169532, 0.0156742, 0.0175963, 0.0168852, 0.0193635, 0.0189576, 0.0159749, 0.0166216, 0.0190354, 0.011681, 0.0194697, 0.0207105, 0.0184825, 0.0149313, 0.051439, 0.0529535, 0.0506845
, 1, 0, 0, 0, 0, 0.00153204, 0.00320877, 0.00158288, 0, 0.00153371, 0, 0, 0.00183027, 0.00438407, 0.0091333, 0.0104632, 0.0105812, 0.0125654, 0.00798071, 0.00335188, 0.00878917, 0.00296411, 0.00473891, 0.00122791, 0, 0.000671432, 0, 0, 0, 0, 0.00106198, 0, 0, 0.00064209, 0, 0.00408081, 0.00715231, 0.00101596, 0, 0.000747864, 0.00874939, 0.00789978, 0.00613443, 0.000611389, 0, 0, 0.00263516, 0, 0
, , 0, 0, 0, 0, 0.0153204, 0.0239893, 0.0158288, 0, 0.0153371, 0, 0, 0.0183027, 0.0438407, 0.091333, 0.0803182, 0.0991877, 0.0886067, 0.0798071, 0.0335188, 0.0878917, 0.0296411, 0.0473891, 0.0102627, 0, 0.00671433, 0, 0, 0, 0, 0.0106198, 0, 0, 0.0064209, 0, 0.0408081, 0.0715231, 0.0101596, 0, 0.00747864, 0.0874939, 0.0789978, 0.0613443, 0.00611389, 0, 0, 0.0263516, 0, 0
, 2, 0.104735, 0.101778, 0.107533, 0.0432633, 0.0302462, 0.0414781, 0.0311996, 0.0358371, 0.0382422, 0.0309269, 0.029234, 0.0326957, 0.0404456, 0.0291891, 0.0395932, 0.040513, 0.0356624, 0.0378418, 0.0346983, 0.0323369, 0.0382406, 0.0347621, 0.0319102, 0.0362951, 0.0431719, 0.0362487, 0.029983, 0.0301687, 0.0354717, 0.0301141, 0.0304999, 0.0282948, 0.0379101, 0.0362226, 0.0343493, 0.0446037, 0.0313545, 0.0361976, 0.0420921, 0.0312989, 0.034187, 0.0435724, 0.0298142, 0.0446675, 0.0506696, 0.204285, 0.205767, 0.212071
, , 0.0938633, 0.0954396, 0.0873409, 0.068591, 0.0513509, 0.0557561, 0.0553664, 0.0669787, 0.0616027, 0.0535981, 0.050513, 0.0579855, 0.0635235, 0.0508422, 0.0660094, 0.0618267, 0.0551113, 0.0612469, 0.0585029, 0.0527688, 0.0624211, 0.0529704, 0.0532766, 0.0608064, 0.0682762, 0.0562145, 0.0598465, 0.0517072, 0.0682644, 0.0585572, 0.0507892, 0.043024, 0.0599223, 0.0600198, 0.0558011, 0.0767788, 0.0531747, 0.0588244, 0.0649308, 0.0575056, 0.0568219, 0.0678271, 0.0567825, 0.0672746, 0.0744973, 0.129429, 0.147081, 0.15369
, 3, 0, 0, 0, 0.00555605, 0, 0.00159016, 0, 0, 0.00131742, 0.000804298, 0, 0.0028074, 0, 0.00152026, 0.00173073, 0.00133311, 0.00353662, 0.00392453, 0.00515411, 9.57794e-05, 0.0019942, 0.000457657, 0.00260629, 0.00129262, 0.00267429, 0.00358923, 0.00310483, 0, 0, 0.0038649, 0.0012569, 0.00146323, 0.00115216, 0.00330255, 0.00165686, 0.00123062, 0.00368454, 0, 0.002284, 0.000518311, 0.00560043, 0.00210229, 0, 0.0091712, 0.00152454, 0.0100149, 0.00955768, 0.00940381
, , 0, 0, 0, 0.0296502, 0, 0.0159016, 0, 0, 0.00929748, 0.00804298, 0, 0.0214029, 0, 0.00953649, 0.0138606, 0.00795993, 0.0245302, 0.0211784, 0.0242483, 0.000957794, 0.019942, 0.00457657, 0.017781, 0.00909916, 0.0188163, 0.0252887, 0.02325, 0, 0, 0.0262474, 0.012569, 0.0146323, 0.00811175, 0.0232716, 0.0165686, 0.0123062, 0.0280043, 0, 0.0160794, 0.0051831, 0.0330139, 0.0176411, 0, 0.0453832, 0.0152454, 0.0420437, 0.0333906, 0.0344436
, 4, 0, 0, 0, 0.00499045, 0.00791229, 0.00872305, 0.0084054, 0.00598424, 0.00755434, 0.00949751, 0.00779881, 0.0075069, 0.0106685, 0.00994118, 0.00912123, 0.00676387, 0.00958234, 0.0101398, 0.00610985, 0.00899146, 0.0108911, 0.00941593, 0.00816011, 0.00758952, 0.00826509, 0.00854698, 0.0113714, 0.0121438, 0.00527316, 0.00758716, 0.00905036, 0.00732388, 0.00644653, 0.00873553, 0.00538147, 0.0106253, 0.00971921, 0.00748468, 0.00767944, 0.00776425, 0.00745318, 0.0109875, 0.0107139, 0.00945123, 0.00835343, 0, 0, 0
, , 0, 0, 0, 0.0122564, 0.0180846, 0.01902, 0.0170597, 0.0135368, 0.0156327, 0.0173738, 0.0153634, 0.0140082, 0.0190226, 0.0213077, 0.0159876, 0.0155337, 0.0179378, 0.0180225, 0.0150916, 0.0170219, 0.0226308, 0.0180481, 0.0168719, 0.0150627, 0.0172724, 0.0161728, 0.0207637, 0.0210763, 0.0150472, 0.0176312, 0.0156607, 0.0152713, 0.0141099, 0.0176124, 0.0131486, 0.0202462, 0.0197132, 0.015006, 0.0161171, 0.016787, 0.0164944, 0.0195261, 0.0187501, 0.0167133, 0.0168079, 0, 0, 0
, 5, 0.0358387, 0.0382151, 0.0524682, 0.124707, 0.105178, 0.133032, 0.0919426, 0.110581, 0.140838, 0.105706, 0.142262, 0.154984, 0.121022, 0.120625, 0.138682, 0.130217, 0.126683, 0.152171, 0.115542, 0.103854, 0.116739, 0.142682, 0.135312, 0.154161, 0.144315, 0.118354, 0.113556, 0.139507, 0.137878, 0.136163, 0.119423, 0.116799, 0.134989, 0.124955, 0.138984, 0.107471, 0.118515, 0.112471, 0.121229, 0.131517, 0.158251, 0.142324, 0.120216, 0.140489, 0.119881, 0.0600085, 0.0484269, 0.0507216
, , 0.0705753, 0.0644706, 0.072152, 0.126129, 0.121317, 0.133446, 0.114214, 0.113517, 0.119095, 0.112793, 0.124635, 0.155185, 0.117804, 0.130331, 0.12868, 0.137765, 0.123264, 0.135325, 0.13287, 0.103891, 0.130588, 0.132321, 0.143503, 0.145476, 0.130603, 0.117573, 0.114851, 0.129779, 0.137105, 0.129482, 0.144676, 0.114682, 0.12946, 0.111567, 0.125252, 0.131579, 0.108022, 0.117362, 0.124794, 0.131947, 0.139019, 0.129663, 0.114269, 0.121337, 0.11054, 0.0778432, 0.0730086, 0.0751406
, 6, 0.0260864, 0.0323575, 0.0265589, 0.0452395, 0.0415226, 0.0383217, 0.036561, 0.0374805, 0.0323822, 0.0433267, 0.0383857, 0.0387966, 0.0463505, 0.0372326, 0.0373078, 0.0416358, 0.0395425, 0.0400803, 0.0412678, 0.0435677, 0.0436047, 0.0437823, 0.0454541, 0.0387944, 0.0399301, 0.0415677, 0.0469586, 0.0414229, 0.0459785, 0.041595, 0.0431058, 0.0408503, 0.0408789, 0.0487854, 0.0386465, 0.0481107, 0.0512488, 0.0439268, 0.0459503, 0.0444088, 0.038676, 0.0436727, 0.0474589, 0.0447, 0.0409567, 0.0363899, 0.0389989, 0.0337919
, , 0.024653, 0.0282907, 0.0259141, 0.0383517, 0.0300236, 0.033512, 0.0325895, 0.0347594, 0.0279691, 0.034039, 0.0301663, 0.0324408, 0.0392827, 0.029882, 0.0319788, 0.0313383, 0.0313904, 0.0345322, 0.0308437, 0.0347629, 0.0353296, 0.0314166, 0.039439, 0.0362636, 0.0313028, 0.0303299, 0.0376935, 0.034555, 0.0385912, 0.0383851, 0.0325582, 0.0350975, 0.0325301, 0.0398658, 0.0312202, 0.0393566, 0.0384334, 0.0399663, 0.0328213, 0.0342954, 0.0373577, 0.0373776, 0.0412149, 0.0332437, 0.034629, 0.0353664, 0.0325353, 0.0318723
, 7, 0.0136568, 0.0110248, 0.0170119, 0.0259565, 0.0250622, 0.0266896, 0.027218, 0.0247191, 0.0255352, 0.030813, 0.0232626, 0.0227836, 0.0258778, 0.0224701, 0.0196221, 0.023505, 0.0244214, 0.0239786, 0.0306008, 0.0257143, 0.0259338, 0.0238344, 0.0233241, 0.0280741, 0.0309656, 0.0259106, 0.0304915, 0.0259856, 0.0286769, 0.0243804, 0.0228183, 0.0251134, 0.0243323, 0.0218409, 0.0225588, 0.0220153, 0.0240118, 0.0322139, 0.0279211, 0.0249842, 0.0278344, 0.0279841, 0.0242529, 0.0272992, 0.0274145, 0.0770046, 0.0910704, 0.0936035
, , 0.0207175, 0.0177026, 0.0263417, 0.0230842, 0.0266726, 0.0300573, 0.0313446, 0.0279086, 0.0257896, 0.0326348, 0.0268915, 0.0232238, 0.0301212, 0.0263546, 0.0251968, 0.0219759, 0.0255369, 0.0255694, 0.0302407, 0.0261569, 0.0322315, 0.024814, 0.0284979, 0.0306316, 0.0304792, 0.032312, 0.0339043, 0.027193, 0.0344489, 0.0281858, 0.0272725, 0.0276018, 0.0278526, 0.0280616, 0.0265063, 0.0249135, 0.0272554, 0.03123, 0.0286578, 0.0255351, 0.0353058, 0.0288319, 0.0287492, 0.0288559, 0.0270508, 0.0570715, 0.0602515, 0.052731
, 8, 0.02061, 0.0183205, 0.0189003, 0.0656874, 0.0663337, 0.0662489, 0.0725905, 0.0606591, 0.0620977, 0.071604, 0.0669854, 0.066434, 0.0634101, 0.0704368, 0.0782662, 0.0645623, 0.0595633, 0.0693341, 0.0632739, 0.0720692, 0.0743619, 0.0600473, 0.0688105, 0.069526, 0.0749017, 0.0760691, 0.0751602, 0.066378, 0.063585, 0.0760712, 0.0749637, 0.0632964, 0.0678776, 0.0698204, 0.0796576, 0.07246, 0.0638494, 0.0673471, 0.0806694, 0.0673178, 0.0657417, 0.0641842, 0.0753351, 0.0676078, 0.0706697, 0.0798925, 0.10005, 0.0905278
, , 0.0372609, 0.0279755, 0.0325726, 0.05731, 0.0618642, 0.0675791, 0.0699481, 0.0543957, 0.05546, 0.0675727, 0.0659198, 0.0590481, 0.0623586, 0.0661599, 0.0781604, 0.0577071, 0.0568447, 0.0603496, 0.0590431, 0.0705623, 0.0604109, 0.0660753, 0.0671942, 0.064362, 0.0813275, 0.0701994, 0.0657137, 0.0640873, 0.0606602, 0.0680864, 0.0650769, 0.0559922, 0.0708422, 0.0660593, 0.0874473, 0.0718229, 0.0532903, 0.0557743, 0.0727735, 0.0745653, 0.0668036, 0.060149, 0.059525, 0.0660053, 0.0664344, 0.0695793, 0.0761848, 0.069146
,Sum, 0.332125, 0.330531, 0.350552, 0.327398, 0.289149, 0.331642, 0.280179, 0.290622, 0.317712, 0.305011, 0.318987, 0.337058, 0.323363, 0.309528, 0.345948, 0.328868, 0.320346, 0.355776, 0.313004, 0.309533, 0.323158, 0.329614, 0.325279, 0.344613, 0.358437, 0.322009, 0.321294, 0.326056, 0.324917, 0.333979, 0.316214, 0.291633, 0.324722, 0.325529, 0.335066, 0.326096, 0.31454, 0.311513, 0.33876, 0.329071, 0.353235, 0.352533, 0.320786, 0.354972, 0.326913, 0.57758, 0.600147, 0.594834
, , 0.135171, 0.121551, 0.129671, 0.157932, 0.12616, 0.156746, 0.146719, 0.123188, 0.125168, 0.13369, 0.143364, 0.15095, 0.152523, 0.157, 0.16574, 0.155049, 0.178733, 0.154027, 0.1609, 0.153844, 0.146349, 0.155488, 0.151274, 0.139001, 0.151767, 0.145183, 0.13076, 0.167954, 0.151313, 0.145526, 0.151579, 0.111178, 0.145962, 0.14277, 0.144818, 0.180848, 0.138963, 0.12781, 0.142227, 0.159346, 0.149035, 0.152872, 0.131668, 0.141851, 0.139804, 0.139381, 0.14151, 0.15443
Service Time, 0, 1.31198, 1.28835, 1.28079, 0.119982, 0.113623, 0.123496, 0.106787, 0.153608, 0.0821125, 0.123332, 0.110584, 0.0921972, 0.112044, 0.0897977, 0.111618, 0.0975681, 0.0878851, 0.103244, 0.130056, 0.141141, 0.084286, 0.0989322, 0.0847398, 0.0887988, 0.135416, 0.117228, 0.106686, 0.104503, 0.0805371, 0.131412, 0.150955, 0.0849234, 0.104938, 0.118668, 0.0975061, 0.124263, 0.111399, 0.118719, 0.101874, 0.12513, 0.0759195, 0.115711, 0.123837, 0.115857, 0.0744437, 1.07349, 1.06276, 1.04714
, , 0.629134, 0.629055, 0.61712, 0.155326, 0.192583, 0.168624, 0.169197, 0.191241, 0.136464, 0.201643, 0.172, 0.157209, 0.180508, 0.166101, 0.204254, 0.150799, 0.153583, 0.187295, 0.204586, 0.204048, 0.134731, 0.149712, 0.134903, 0.144317, 0.241381, 0.179821, 0.152399, 0.169472, 0.145066, 0.190321, 0.23364, 0.169532, 0.156742, 0.175963, 0.168852, 0.193635, 0.189576, 0.159749, 0.166216, 0.190354, 0.11681, 0.194697, 0.207105, 0.184825, 0.149313, 0.51439, 0.529535, 0.506845
, 1, 0, 0, 0, 0, 0.0153204, 0.0320877, 0.0158288, 0, 0.0153371, 0, 0, 0.0183027, 0.0438407, 0.091333, 0.104632, 0.105812, 0.125654, 0.0798071, 0.0335189, 0.0878917, 0.0296411, 0.0473891, 0.012279, 0, 0.00671432, 0, 0, 0, 0, 0.0106198, 0, 0, 0.0064209, 0, 0.0408081, 0.0715231, 0.0101596, 0, 0.00747864, 0.0874939, 0.0789978, 0.0613443, 0.00611389, 0, 0, 0.0263516, 0, 0
, , 0, 0, 0, 0, 0.153204, 0.239893, 0.158288, 0, 0.153371, 0, 0, 0.183027, 0.438407, 0.91333, 0.803183, 0.991877, 0.886067, 0.798071, 0.335188, 0.878917, 0.296411, 0.473891, 0.102626, 0, 0.0671433, 0, 0, 0, 0, 0.106198, 0, 0, 0.064209, 0, 0.408081, 0.715231, 0.101596, 0, 0.0747864, 0.874939, 0.789978, 0.613443, 0.0611389, 0, 0, 0.263516, 0, 0
, 2, 1.04735, 1.01778, 1.07533, 0.432633, 0.302462, 0.414781, 0.311996, 0.358371, 0.382421, 0.309269, 0.29234, 0.326957, 0.404456, 0.291891, 0.395932, 0.40513, 0.356624, 0.378418, 0.346982, 0.323369, 0.382406, 0.347621, 0.319102, 0.362951, 0.431719, 0.362487, 0.29983, 0.301687, 0.354717, 0.301141, 0.304999, 0.282948, 0.379101, 0.362226, 0.343493, 0.446037, 0.313545, 0.361976, 0.420921, 0.312989, 0.34187, 0.435724, 0.298142, 0.446675, 0.506696, 2.04285, 2.05767, 2.12071
, , 0.938633, 0.954395, 0.873409, 0.68591, 0.513509, 0.557561, 0.553664, 0.669787, 0.616027, 0.535981, 0.50513, 0.579855, 0.635235, 0.508422, 0.660094, 0.618267, 0.551113, 0.612469, 0.585029, 0.527688, 0.624211, 0.529704, 0.532766, 0.608064, 0.682762, 0.562145, 0.598465, 0.517072, 0.682644, 0.585572, 0.507892, 0.43024, 0.599223, 0.600198, 0.558011, 0.767788, 0.531747, 0.588244, 0.649308, 0.575056, 0.568219, 0.678271, 0.567825, 0.672746, 0.744973, 1.29429, 1.47081, 1.5369
, 3, 0, 0, 0, 0.0555605, 0, 0.0159016, 0, 0, 0.0131742, 0.00804299, 0, 0.028074, 0, 0.0152026, 0.0173073, 0.0133311, 0.0353662, 0.0392453, 0.0515411, 0.000957794, 0.019942, 0.00457657, 0.0260629, 0.0129262, 0.0267429, 0.0358923, 0.0310483, 0, 0, 0.038649, 0.012569, 0.0146323, 0.0115216, 0.0330255, 0.0165686, 0.0123062, 0.0368454, 0, 0.02284, 0.00518311, 0.0560043, 0.0210229, 0, 0.091712, 0.0152454, 0.100149, 0.0955768, 0.0940381
, , 0, 0, 0, 0.296502, 0, 0.159016, 0, 0, 0.0929748, 0.0804298, 0, 0.214029, 0, 0.0953649, 0.138606, 0.0795992, 0.245301, 0.211784, 0.242483, 0.00957794, 0.19942, 0.0457657, 0.17781, 0.0909916, 0.188163, 0.252887, 0.2325, 0, 0, 0.262474, 0.12569, 0.146323, 0.0811175, 0.232716, 0.165686, 0.123062, 0.280043, 0, 0.160794, 0.0518311, 0.330139, 0.176411, 0, 0.453832, 0.152454, 0.420437, 0.333906, 0.344436
, 4, 0, 0, 0, 0.0499045, 0.0791229, 0.0872305, 0.084054, 0.0598424, 0.0755434, 0.0949751, 0.0779881, 0.075069, 0.106685, 0.0994118, 0.0912123, 0.0676387, 0.0958234, 0.101398, 0.0610985, 0.0899145, 0.108911, 0.0941592, 0.0816011, 0.0758952, 0.0826509, 0.0854698, 0.113714, 0.121438, 0.0527316, 0.0758716, 0.0905036, 0.0732388, 0.0644653, 0.0873553, 0.0538147, 0.106253, 0.0971921, 0.0748468, 0.0767944, 0.0776425, 0.0745319, 0.109875, 0.107139, 0.0945123, 0.0835342, 0, 0, 0
, , 0, 0, 0, 0.122564, 0.180846, 0.1902, 0.170597, 0.135368, 0.156327, 0.173738, 0.153634, 0.140082, 0.190226, 0.213077, 0.159876, 0.155337, 0.179378, 0.180225, 0.150916, 0.170219, 0.226308, 0.180481, 0.168719, 0.150627, 0.172724, 0.161728, 0.207637, 0.210763, 0.150472, 0.176312, 0.156607, 0.152713, 0.141099, 0.176124, 0.131486, 0.202462, 0.197132, 0.15006, 0.161171, 0.16787, 0.164944, 0.195261, 0.187501, 0.167133, 0.168079, 0, 0, 0
, 5, 0.358387, 0.382151, 0.524682, 1.24707, 1.05178, 1.33032, 0.919426, 1.10581, 1.40838, 1.05705, 1.42262, 1.54984, 1.21022, 1.20625, 1.38682, 1.30217, 1.26683, 1.52171, 1.15542, 1.03854, 1.16739, 1.42682, 1.35312, 1.54161, 1.44315, 1.18354, 1.13556, 1.39507, 1.37878, 1.36163, 1.19423, 1.16799, 1.34989, 1.24955, 1.38984, 1.07471, 1.18515, 1.12471, 1.21229, 1.31517, 1.58251, 1.42324, 1.20216, 1.40489, 1.19881, 0.600085, 0.484269, 0.507216
, , 0.705753, 0.644706, 0.72152, 1.26129, 1.21317, 1.33446, 1.14214, 1.13517, 1.19095, 1.12793, 1.24635, 1.55185, 1.17804, 1.30331, 1.2868, 1.37765, 1.23264, 1.35325, 1.3287, 1.03891, 1.30588, 1.32321, 1.43503, 1.45476, 1.30603, 1.17573, 1.14851, 1.29779, 1.37105, 1.29481, 1.44676, 1.14682, 1.2946, 1.11567, 1.25252, 1.31579, 1.08022, 1.17362, 1.24794, 1.31947, 1.39019, 1.29663, 1.14269, 1.21337, 1.1054, 0.778432, 0.730086, 0.751406
, 6, 0.260864, 0.323575, 0.265589, 0.452395, 0.415226, 0.383217, 0.36561, 0.374805, 0.323822, 0.433267, 0.383857, 0.387965, 0.463505, 0.372326, 0.373078, 0.416358, 0.395425, 0.400803, 0.412678, 0.435677, 0.436047, 0.437823, 0.454541, 0.387944, 0.399301, 0.415677, 0.469586, 0.414229, 0.459785, 0.41595, 0.431058, 0.408503, 0.408789, 0.487854, 0.386465, 0.481107, 0.512488, 0.439268, 0.459503, 0.444088, 0.38676, 0.436727, 0.474589, 0.447, 0.409567, 0.363899, 0.389989, 0.337919
, , 0.24653, 0.282907, 0.259141, 0.383517, 0.300236, 0.33512, 0.325895, 0.347594, 0.279691, 0.34039, 0.301663, 0.324409, 0.392827, 0.29882, 0.319789, 0.313383, 0.313904, 0.345322, 0.308437, 0.347629, 0.353296, 0.314166, 0.39439, 0.362636, 0.313028, 0.303299, 0.376934, 0.34555, 0.385912, 0.383851, 0.325582, 0.350975, 0.325301, 0.398658, 0.312201, 0.393566, 0.384334, 0.399663, 0.328213, 0.342954, 0.373577, 0.373776, 0.412149, 0.332437, 0.34629, 0.353664, 0.325353, 0.318723
, 7, 0.136568, 0.110248, 0.170119, 0.259565, 0.250622, 0.266896, 0.27218, 0.247191, 0.255352, 0.30813, 0.232626, 0.227836, 0.258778, 0.224701, 0.196221, 0.23505, 0.244214, 0.239786, 0.306008, 0.257143, 0.259338, 0.238344, 0.233241, 0.28074, 0.309656, 0.259106, 0.304915, 0.259856, 0.286768, 0.243804, 0.228183, 0.251134, 0.243323, 0.218409, 0.225588, 0.220153, 0.240118, 0.322139, 0.279211, 0.249842, 0.278344, 0.279841, 0.242529, 0.272992, 0.274145, 0.770046, 0.910704, 0.936035
, , 0.207175, 0.177026, 0.263416, 0.230842, 0.266726, 0.300573, 0.313446, 0.279086, 0.257896, 0.326348, 0.268915, 0.232238, 0.301212, 0.263546, 0.251968, 0.219759, 0.255369, 0.255694, 0.302407, 0.261569, 0.322315, 0.24814, 0.284979, 0.306316, 0.304792, 0.32312, 0.339043, 0.27193, 0.344489, 0.281858, 0.272725, 0.276018, 0.278526, 0.280616, 0.265063, 0.249135, 0.272554, 0.3123, 0.286577, 0.255351, 0.353058, 0.288319, 0.287492, 0.288559, 0.270508, 0.570715, 0.602515, 0.52731
, 8, 0.2061, 0.183205, 0.189004, 0.656874, 0.663337, 0.662489, 0.725905, 0.606591, 0.620977, 0.716039, 0.669854, 0.66434, 0.634102, 0.704368, 0.782662, 0.645623, 0.595633, 0.693341, 0.632739, 0.720691, 0.743618, 0.600473, 0.688105, 0.69526, 0.749016, 0.760691, 0.751602, 0.66378, 0.63585, 0.760712, 0.749637, 0.632964, 0.678776, 0.698204, 0.796576, 0.7246, 0.638494, 0.673472, 0.806693, 0.673178, 0.657417, 0.641841, 0.753351, 0.676078, 0.706697, 0.798925, 1.0005, 0.905278
, , 0.372609, 0.279755, 0.325726, 0.5731, 0.618642, 0.675791, 0.699481, 0.543957, 0.554599, 0.675727, 0.659198, 0.590481, 0.623586, 0.661599, 0.781604, 0.577071, 0.568446, 0.603495, 0.590431, 0.705623, 0.604109, 0.660753, 0.671942, 0.64362, 0.813275, 0.701994, 0.657136, 0.640873, 0.606602, 0.680864, 0.650769, 0.559922, 0.708422, 0.660593, 0.874473, 0.718229, 0.532903, 0.557743, 0.727734, 0.745653, 0.668036, 0.60149, 0.59525, 0.660053, 0.664344, 0.695793, 0.761848, 0.69146
,Sum, 3.32125, 3.30531, 3.50552, 3.27398, 2.89149, 3.31642, 2.80179, 2.90622, 3.17712, 3.05011, 3.18987, 3.37058, 3.23363, 3.09528, 3.45948, 3.28868, 3.20346, 3.55775, 3.13004, 3.09533, 3.23158, 3.29614, 3.25279, 3.44613, 3.58437, 3.2201, 3.21294, 3.26056, 3.24917, 3.33978, 3.16214, 2.91633, 3.24722, 3.25529, 3.35066, 3.26096, 3.1454, 3.11513, 3.3876, 3.29071, 3.53235, 3.52533, 3.20787, 3.54972, 3.26913, 5.7758, 6.00146, 5.94834
, , 1.35171, 1.21551, 1.29671, 1.57932, 1.2616, 1.56746, 1.46719, 1.23188, 1.25168, 1.3369, 1.43364, 1.5095, 1.52523, 1.57, 1.6574, 1.55049, 1.78733, 1.54027, 1.609, 1.53844, 1.46349, 1.55488, 1.51274, 1.39001, 1.51767, 1.45183, 1.3076, 1.67954, 1.51313, 1.45526, 1.51579, 1.11178, 1.45962, 1.4277, 1.44818, 1.80848, 1.38963, 1.2781, 1.42227, 1.59346, 1.49035, 1.52872, 1.31668, 1.41851, 1.39804, 1.39381, 1.4151, 1.5443
Wait Time, 0, 0.103967, 0.083999, 0.0882344, 0.0803706, 0.108601, 0.230731, 0.186616, 0.216544, 0.188181, 0.142425, 0.129532, 0.330133, 0.228851, 0.219539, 0.304362, 0.250566, 2.06398, 0.209663, 0.103454, 0.0903163, 0.139496, 0.210855, 2.18242, 0.196547, 0.219951, 0.249527, 0.195703, 0.194337, 0.16685, 0.23414, 0.311382, 0.236213, 0.272147, 0.12835, 0.214295, 0.141782, 0.186711, 0.138774, 0.29743, 0.134351, 0.277495, 0.99881, 0.260125, 0.206106, 0.1701, 0.142653, 0.0625531, 0.0960956
, , 0.143115, 0.121974, 0.119357, 0.24233, 0.403093, 0.617015, 0.728094, 0.610862, 0.521395, 0.387631, 0.384835, 0.780926, 0.605625, 0.718404, 0.651957, 0.69125, 19.0744, 0.560293, 0.33416, 0.309886, 0.407339, 0.761409, 19.9732, 0.536212, 0.51192, 0.762237, 0.590347, 0.547329, 0.593471, 0.538233, 0.877866, 0.593269, 0.586322, 0.364663, 0.555332, 0.679818, 0.55999, 0.433257, 0.747854, 0.412172, 1.12493, 7.176, 0.683046, 0.504713, 0.429962, 0.361251, 0.122616, 0.19073
, 1, 0, 0, 0, 0, 0, 0.0175597, 0.0191868, 0, 0, 0, 0, 0, 0, 0.00866699, 0.025078, 0.00440598, 0.0160405, 0.0201929, 0.0664812, 0.0121083, 0.0178327, 0.105137, 0.0096315, 0, 0, 0, 0, 0, 0, 0, 0, 0, 0, 0, 0.00138336, 0.0284769, 0.00411408, 0, 0.00309113, 0.0125061, 0.0210022, 0.000344849, 0, 0, 0, 0, 0, 0
, , 0, 0, 0, 0, 0, 0.144816, 0.191868, 0, 0, 0, 0, 0, 0, 0.0866699, 0.25078, 0.0355646, 0.153178, 0.201929, 0.664812, 0.121083, 0.178326, 1.05137, 0.096315, 0, 0, 0, 0, 0, 0, 0, 0, 0, 0, 0, 0.0138336, 0.284769, 0.0411408, 0, 0.0309113, 0.125061, 0.210022, 0.00344849, 0, 0, 0, 0, 0, 0
, 2, 0.346311, 0.225696, 0.253315, 0.199304, 0.203196, 0.336761, 0.154119, 0.232522, 0.18417, 0.245946, 0.222261, 0.281592, 0.210542, 0.141135, 0.259894, 0.329653, 0.30386, 0.290488, 0.295506, 0.295862, 0.236249, 0.16235, 0.631534, 0.124751, 0.356448, 0.265656, 0.22737, 0.267628, 0.216744, 0.256413, 0.297932, 0.200101, 0.239509, 0.267145, 0.232018, 0.253433, 0.128214, 0.247142, 0.262295, 0.20663, 0.443436, 0.308292, 0.407535, 0.354472, 0.240247, 0.925462, 1.0794, 0.994392
, , 0.698221, 0.510932, 0.381209, 0.49293, 0.588545, 0.65443, 0.415729, 0.537519, 0.459739, 0.614862, 0.524646, 0.588247, 0.434923, 0.393567, 0.875537, 0.696154, 0.716398, 0.733622, 0.669121, 0.757682, 0.576867, 0.42833, 4.09436, 0.39073, 0.704283, 0.627745, 0.51626, 0.63888, 0.585036, 0.81967, 0.915213, 0.572665, 0.630531, 0.621335, 0.546202, 0.646525, 0.369505, 0.664476, 0.54114, 0.511447, 1.10781, 0.778538, 0.968692, 0.796154, 0.568287, 1.04632, 1.16145, 1.13721
, 3, 0, 0, 0, 0.00365845, 0, 0, 0, 0, 0.00399727, 0.000486832, 0, 0.000911026, 0, 0, 0, 0, 0.00109268, 0.00802521, 0.00597473, 0, 0.000948639, 0.00178513, 0.00195816, 0.00347519, 0.0308646, 0, 0, 0, 0, 0.00161957, 0, 0.00328461, 0.00750885, 0, 0, 0, 0.0176138, 0, 0, 0, 0.000980835, 0, 0, 0.0310394, 0.00391815, 0.131688, 0.16292, 0.17679
, , 0, 0, 0, 0.0266384, 0, 0, 0, 0, 0.0399727, 0.00486832, 0, 0.00911026, 0, 0, 0, 0, 0.0109268, 0.0802521, 0.0597473, 0, 0.00948639, 0.0178513, 0.0195816, 0.0347519, 0.244656, 0, 0, 0, 0, 0.0161957, 0, 0.0328461, 0.0641377, 0, 0, 0, 0.176138, 0, 0, 0, 0.00980835, 0, 0, 0.192772, 0.0391815, 0.464831, 0.514546, 0.682784
, 4, 0, 0, 0, 0, 0, 0, 0, 0, 0.00324043, 0.00855064, 0.00134994, 0.00143692, 0.000128479, 0, 0.00295273, 0.00138062, 0.00160522, 0.000110168, 0.00211639, 0.00440018, 0.00707871, 0.00201386, 0, 0.00454101, 0, 0.00592148, 0.0011969, 0, 0.00190826, 0, 0.00168823, 0, 0.00377014, 0.00291687, 0.00120667, 0.00536041, 0.00443207, 0, 0.000527039, 0.00233887, 0.000273743, 0.00138489, 0.00394196, 0.000628052, 0.000681152, 0, 0, 0
, , 0, 0, 0, 0, 0, 0, 0, 0, 0.0249806, 0.0684181, 0.0134995, 0.0126561, 0.00128479, 0, 0.0221487, 0.0138062, 0.0114577, 0.00110168, 0.0211639, 0.0319415, 0.0334381, 0.0124493, 0, 0.0312295, 0, 0.0307536, 0.00850254, 0, 0.0190826, 0, 0.0168823, 0, 0.0313896, 0.0217318, 0.0120667, 0.0471369, 0.0318619, 0, 0.00527039, 0.0233887, 0.00273743, 0.00974805, 0.0279793, 0.00628052, 0.00681152, 0, 0, 0
, 5, 0.226301, 0.176418, 0.258331, 0.169531, 0.174982, 0.169142, 0.139595, 0.146126, 0.157191, 0.163947, 0.201727, 0.315341, 0.174032, 0.17941, 0.292287, 0.238611, 0.187453, 0.230102, 0.187988, 0.112575, 0.182199, 0.205883, 0.288447, 0.275497, 0.288106, 0.141239, 0.251408, 0.306474, 0.232694, 0.26956, 0.248539, 0.21733, 0.22252, 0.241476, 0.200193, 0.217397, 0.139949, 0.20866, 0.129647, 0.282195, 0.296524, 0.24122, 0.126729, 0.193, 0.143793, 0.630266, 0.868739, 0.863786
, , 0.579055, 0.475533, 0.488634, 0.437559, 0.419541, 0.394169, 0.348294, 0.378327, 0.360765, 0.397758, 0.436688, 0.59767, 0.394457, 0.431426, 0.668831, 0.523335, 0.574713, 0.500385, 0.480055, 0.300568, 0.487236, 0.391375, 0.675756, 0.60482, 0.633684, 0.454835, 0.701433, 0.684308, 0.529436, 0.63923, 0.63416, 0.529667, 0.50889, 0.479391, 0.416246, 0.905978, 0.426539, 0.530968, 0.31056, 0.619171, 0.559389, 0.450183, 0.303018, 0.464472, 0.354635, 1.06749, 1.30974, 1.32116
, 6, 0.366693, 0.433498, 0.345563, 0.701583, 0.585252, 0.877532, 0.522618, 0.64809, 0.759708, 0.649546, 0.792524, 0.771646, 1.01338, 0.652951, 0.993536, 0.59162, 3.10107, 0.775894, 0.599646, 0.805627, 0.806122, 0.801203, 6.65509, 0.87015, 0.892416, 0.740292, 0.643719, 0.801461, 0.77154, 0.933953, 0.9428, 0.889926, 0.660666, 1.14064, 0.768211, 0.894152, 1.04275, 0.696976, 0.6083, 0.802603, 1.033, 1.93807, 0.772153, 1.05666, 0.833108, 1.1347, 1.28372, 1.53014
, , 0.792165, 0.692161, 0.49986, 1.36546, 1.08955, 1.33577, 1.27025, 1.26464, 1.16141, 1.49499, 1.43167, 1.15588, 1.83361, 1.3946, 1.62338, 0.933012, 24.9524, 1.17133, 1.57981, 1.64233, 1.29294, 1.26424, 57.227, 1.66501, 1.4493, 1.24766, 1.05351, 1.30899, 1.49086, 1.83621, 1.81636, 1.81004, 0.932311, 2.08007, 1.02246, 1.51656, 4.44503, 1.64659, 1.1515, 1.75326, 1.8316, 9.81806, 1.26356, 1.67319, 1.67306, 1.48115, 1.52673, 1.95269
, 7, 0.17073, 0.124155, 0.132676, 0.486523, 0.364515, 0.406719, 0.316284, 0.292481, 0.345711, 0.432713, 0.383883, 0.617678, 0.665581, 0.458839, 0.479567, 0.546794, 2.22212, 0.598796, 0.42855, 0.379525, 0.369226, 0.369687, 4.79554, 0.609761, 0.484653, 0.506294, 0.344645, 0.241898, 0.499366, 0.41129, 0.44407, 0.439523, 0.460881, 0.593763, 0.488527, 0.544509, 0.907794, 0.423466, 0.448727, 0.576702, 0.517501, 1.26688, 0.587467, 0.64904, 0.487615, 0.349797, 0.273067, 0.236372
, , 0.421151, 0.330376, 0.359918, 0.833383, 0.815451, 0.84217, 0.887312, 0.560763, 0.747123, 0.738332, 0.723058, 1.28605, 1.34557, 0.936884, 0.846973, 1.14288, 17.8437, 1.45865, 0.918147, 0.713529, 0.674832, 0.788545, 43.3119, 1.43228, 1.07747, 0.869033, 0.756003, 0.449547, 1.18052, 0.90866, 0.993137, 0.919292, 0.725833, 1.33015, 1.09716, 1.22297, 4.54643, 0.834005, 0.839381, 1.4899, 1.07809, 6.30554, 1.57594, 1.41747, 1.03699, 0.525623, 0.375978, 0.28599
, 8, 0.201385, 0.135109, 0.127519, 0.0359134, 0.0502217, 0.0396319, 0.0464206, 0.0364223, 0.042906, 0.0492321, 0.0336514, 0.0600051, 0.0865715, 0.0417467, 0.122931, 0.0141985, 0.010665, 0.0546718, 0.0862236, 0.0380992, 0.038596, 0.0314627, 0.0575461, 0.0105757, 0.0607562, 0.0589838, 0.0582114, 0.035473, 0.0246426, 0.0661051, 0.0727445, 0.0209872, 0.029108, 0.0449567, 0.0776831, 0.0650495, 0.0310364, 0.0344724, 0.0603272, 0.0384692, 0.0513232, 0.0710651, 0.038819, 0.0516446, 0.0560172, 1.63348, 2.33316, 2.73045
, , 0.493525, 0.384887, 0.305981, 0.140058, 0.154045, 0.159469, 0.17446, 0.130599, 0.144308, 0.132307, 0.115304, 0.156304, 0.307177, 0.124205, 0.336336, 0.0490233, 0.0404446, 0.196849, 0.265913, 0.121981, 0.130654, 0.12422, 0.154427, 0.0612451, 0.194526, 0.261392, 0.177207, 0.118489, 0.0934484, 0.17131, 0.333861, 0.0748536, 0.114933, 0.1631, 0.233362, 0.160212, 0.113938, 0.103157, 0.154656, 0.106988, 0.188359, 0.254897, 0.151725, 0.182144, 0.181556, 1.58306, 2.43684, 3.11509
,Sum, 1.41539, 1.17887, 1.20564, 1.67688, 1.48677, 2.07808, 1.38484, 1.57218, 1.6851, 1.69285, 1.76493, 2.37874, 2.37908, 1.70229, 2.48061, 1.97723, 7.90788, 2.18794, 1.77594, 1.73851, 1.79775, 1.89038, 14.6222, 2.0953, 2.33319, 1.96791, 1.72225, 1.84727, 1.91375, 2.17308, 2.31916, 2.00736, 1.89611, 2.41924, 1.98352, 2.15016, 2.46261, 1.74949, 1.81034, 2.0558, 2.64153, 4.82607, 2.19677, 2.54259, 1.93548, 4.94805, 6.06355, 6.62803
, , 1.69169, 1.19099, 1.0637, 2.33217, 2.04135, 2.50557, 2.91569, 2.16725, 2.07728, 2.50628, 2.02511, 2.8689, 3.76065, 2.93308, 3.4304, 2.68354, 61.8758, 2.71313, 2.82662, 2.41715, 2.06882, 2.65123, 124.67, 2.71882, 3.22247, 2.58631, 2.29328, 2.39019, 2.82901, 3.12927, 3.82411, 2.82877, 1.96872, 3.6054, 2.40669, 3.17813, 9.03024, 2.58395, 2.19868, 3.17084, 4.22036, 23.7514, 3.3521, 3.20735, 2.46926, 3.60177, 4.70318, 5.58047
Number In, 0, 9.97, 9.28, 9.41, 1.06, 0.89, 1.17, 1.02, 1.07, 0.99, 0.81, 0.94, 0.96, 1.03, 0.8, 1.02, 1.07, 0.85, 0.99, 1.05, 1.1, 0.92, 0.97, 0.93, 0.9, 1.08, 1.01, 0.97, 0.97, 0.86, 1.19, 1.14, 0.84, 1.05, 1.03, 1, 0.93, 1.01, 1, 0.94, 1.08, 0.92, 1.04, 1.01, 0.89, 0.88, 7.54, 7.63, 7.57
, , 2.99985, 3.08165, 3.22583, 1.00323, 0.87496, 1.02548, 1.00484, 0.95616, 1.01, 0.884148, 0.930081, 0.898034, 1.03918, 0.942809, 0.974213, 0.997522, 0.988571, 1.01, 0.9783, 0.937437, 0.991683, 0.979125, 0.912926, 1.05887, 1.08879, 0.904478, 1.04886, 1.07736, 0.99514, 1.10732, 1.06382, 0.861289, 1.0088, 1.04886, 1.00504, 0.807228, 1.07774, 1.04447, 0.993108, 0.991683, 0.939375, 0.815506, 0.87033, 0.908934, 0.977318, 2.37589, 2.6767, 2.49142
, 1, 0, 0, 0, 0, 0.01, 0.01, 0, 0, 0.01, 0, 0, 0.01, 0.01, 0, 0.01, 0, 0.01, 0, 0, 0, 0, 0, 0.01, 0, 0.01, 0, 0, 0, 0, 0.01, 0, 0, 0.01, 0, 0.01, 0, 0, 0, 0.01, 0, 0, 0, 0.01, 0, 0, 0.01, 0, 0
, , 0, 0, 0, 0, 0.1, 0.1, 0, 0, 0.1, 0, 0, 0.1, 0.1, 0, 0.1, 0, 0.1, 0, 0, 0, 0, 0, 0.1, 0, 0.1, 0, 0, 0, 0, 0.1, 0, 0, 0.1, 0, 0.1, 0, 0, 0, 0.1, 0, 0, 0, 0.1, 0, 0, 0.1, 0, 0
, 2, 1.55, 1.34, 1.54, 0.53, 0.48, 0.66, 0.46, 0.51, 0.61, 0.48, 0.52, 0.6, 0.56, 0.43, 0.55, 0.52, 0.58, 0.49, 0.48, 0.51, 0.56, 0.5, 0.45, 0.47, 0.62, 0.56, 0.54, 0.4, 0.59, 0.4, 0.39, 0.48, 0.52, 0.58, 0.48, 0.54, 0.39, 0.53, 0.49, 0.45, 0.63, 0.59, 0.43, 0.62, 0.6, 2.89, 2.85, 2.77
, , 1.39534, 1.13012, 1.20118, 0.70288, 0.643224, 0.713789, 0.673, 0.745288, 0.764027, 0.643224, 0.717459, 0.778499, 0.756387, 0.670519, 0.74366, 0.758521, 0.793662, 0.688946, 0.643224, 0.703455, 0.820446, 0.745356, 0.625631, 0.731057, 0.801261, 0.715203, 0.845905, 0.586033, 0.888706, 0.666667, 0.566667, 0.61101, 0.658741, 0.767786, 0.717459, 0.80929, 0.58422, 0.688359, 0.627566, 0.701729, 0.760848, 0.766667, 0.655282, 0.81377, 0.840875, 1.87431, 1.77169, 1.90085
, 3, 0, 0, 0, 0.04, 0, 0.01, 0, 0, 0.02, 0, 0, 0.02, 0, 0.03, 0.02, 0.01, 0.02, 0.04, 0.03, 0, 0.01, 0.01, 0.03, 0.02, 0.01, 0.02, 0.02, 0, 0, 0.03, 0.01, 0.01, 0.02, 0.01, 0.01, 0.01, 0.02, 0, 0.02, 0.01, 0.03, 0.02, 0, 0.04, 0.01, 0.11, 0.18, 0.17
, , 0, 0, 0, 0.196946, 0, 0.1, 0, 0, 0.140705, 0, 0, 0.140705, 0, 0.171447, 0.140705, 0.1, 0.140705, 0.196946, 0.171447, 0, 0.1, 0.1, 0.171447, 0.140705, 0.1, 0.140705, 0.140705, 0, 0, 0.171447, 0.1, 0.1, 0.140705, 0.1, 0.1, 0.1, 0.140705, 0, 0.140705, 0.1, 0.171447, 0.140705, 0, 0.196946, 0.1, 0.314466, 0.386123, 0.427702
, 4, 0, 0, 0, 0.21, 0.33, 0.32, 0.37, 0.28, 0.34, 0.35, 0.27, 0.32, 0.39, 0.36, 0.35, 0.29, 0.4, 0.32, 0.27, 0.36, 0.44, 0.38, 0.33, 0.27, 0.29, 0.33, 0.39, 0.4, 0.23, 0.29, 0.35, 0.32, 0.31, 0.3, 0.21, 0.34, 0.38, 0.29, 0.26, 0.3, 0.33, 0.4, 0.37, 0.38, 0.32, 0, 0, 0
, , 0, 0, 0, 0.456048, 0.569512, 0.601009, 0.580056, 0.514045, 0.589813, 0.625631, 0.489382, 0.529532, 0.58422, 0.611671, 0.5, 0.53739, 0.619547, 0.566399, 0.547815, 0.611671, 0.742913, 0.599326, 0.636515, 0.509605, 0.518253, 0.55149, 0.649709, 0.635642, 0.529055, 0.607944, 0.538892, 0.566399, 0.544857, 0.541229, 0.433333, 0.589813, 0.663325, 0.555869, 0.484507, 0.559581, 0.58698, 0.586033, 0.613896, 0.582228, 0.529532, 0, 0, 0
, 5, 0.37, 0.31, 0.43, 0.95, 0.84, 1.01, 0.83, 0.89, 1.11, 0.85, 1.06, 1.22, 1.04, 1.05, 1.09, 1.07, 1.09, 1.17, 0.87, 0.78, 0.9, 1.14, 1.09, 1.16, 1.13, 0.97, 0.86, 1.19, 1.15, 1.01, 0.94, 0.89, 1.06, 0.99, 1.14, 0.8, 0.96, 0.87, 0.93, 1.03, 1.21, 0.99, 0.9, 1.01, 0.97, 0.62, 0.74, 0.66
, , 0.613896, 0.525991, 0.573048, 0.903137, 0.928994, 1.01995, 0.888251, 0.87496, 0.99387, 0.914253, 0.874094, 1.13333, 1.06287, 1.15798, 1.04538, 1.08484, 1.16424, 0.985296, 0.970837, 0.785988, 1.02986, 1.12833, 1.15553, 1.09839, 1.06983, 1.0096, 0.899158, 1.07021, 1.02863, 1.05883, 1.07139, 0.897752, 1.05237, 0.958692, 1.02514, 0.910101, 0.920255, 0.895048, 0.945537, 0.979126, 1.06643, 0.937383, 0.810287, 0.87033, 0.947671, 0.749141, 0.927906, 0.768312
, 6, 2.78, 2.7, 2.64, 4.06, 3.65, 3.77, 3.46, 3.68, 3.6, 3.81, 3.85, 3.81, 3.85, 3.73, 3.91, 3.84, 3.52, 3.81, 3.63, 3.69, 3.87, 3.77, 3.93, 3.46, 3.44, 3.73, 3.73, 3.85, 3.68, 3.74, 3.54, 3.89, 3.63, 3.76, 3.87, 3.8, 4.02, 3.73, 3.84, 3.56, 3.84, 3.81, 3.84, 4.07, 3.7, 3.42, 4, 3.6
, , 1.74414, 1.52753, 1.58605, 1.95309, 1.88227, 1.92199, 1.96649, 1.8028, 1.88025, 1.84607, 1.91419, 2.06801, 2.02198, 1.95327, 2.08939, 1.8075, 1.72023, 1.96276, 1.76758, 1.95761, 1.98812, 1.92199, 1.92933, 1.87175, 1.84402, 1.69881, 1.91673, 1.9404, 2.08351, 1.86201, 1.992, 2.11247, 1.76758, 2.13731, 1.79593, 1.81464, 2.25173, 2.18283, 2.19144, 1.92967, 1.96803, 1.97303, 1.79066, 1.88162, 2.12013, 1.87584, 1.89097, 1.88562
, 7, 1.06, 0.92, 1.15, 2.21, 2.25, 1.81, 2.1, 1.87, 2.13, 2.15, 1.76, 2.04, 2.06, 1.93, 1.81, 1.91, 1.91, 2.22, 2.01, 1.88, 2.16, 2.01, 1.88, 2.05, 2.17, 2.16, 2.11, 2, 1.87, 1.85, 1.88, 2.01, 2.06, 1.96, 1.9, 2.11, 2.04, 2.11, 2.07, 2.04, 2.04, 2.23, 1.96, 2.16, 2.04, 5.39, 5.64, 6.15
, , 1.04272, 1.01185, 1.1404, 1.20851, 1.45904, 1.27679, 1.40346, 1.24442, 1.25251, 1.5, 1.37892, 1.3701, 1.46211, 1.47199, 1.34611, 1.22347, 1.30341, 1.64887, 1.35955, 1.343, 1.47518, 1.45987, 1.38739, 1.54642, 1.46374, 1.39783, 1.49676, 1.32574, 1.43305, 1.36608, 1.33545, 1.43896, 1.39131, 1.41364, 1.439, 1.65691, 1.60756, 1.28625, 1.40888, 1.45588, 1.54998, 1.40601, 1.30206, 1.43351, 1.39204, 2.35228, 2.3848, 2.31541
, 8, 0.66, 0.57, 0.66, 2.27, 2.11, 2.07, 2.19, 2, 2.04, 1.94, 2.06, 2.14, 1.91, 2.08, 1.87, 1.99, 1.75, 2.22, 2.14, 2.12, 2.14, 1.85, 2.05, 1.93, 2.12, 2.14, 2, 2.04, 2.1, 2.17, 2.14, 1.99, 2.01, 2, 2.02, 1.94, 1.97, 2.01, 2.15, 1.96, 2.09, 1.88, 2.19, 1.89, 1.98, 3.75, 3.9, 4.26
, , 0.855405, 0.655282, 0.843514, 1.35479, 1.35509, 1.51261, 1.68592, 1.31809, 1.44194, 1.27778, 1.42006, 1.4, 1.21518, 1.44026, 1.3231, 1.4106, 1.20918, 1.52143, 1.24738, 1.49261, 1.41436, 1.32097, 1.29782, 1.29689, 1.63472, 1.43562, 1.26331, 1.60756, 1.59861, 1.41461, 1.44963, 1.38166, 1.38895, 1.49747, 1.63287, 1.5097, 1.2509, 1.30651, 1.55943, 1.51704, 1.43615, 1.3505, 1.48864, 1.19675, 1.44935, 1.81673, 1.89364, 2.14909
,Sum, 16.39, 15.12, 15.83, 11.33, 10.56, 10.83, 10.43, 10.3, 10.85, 10.39, 10.46, 11.12, 10.85, 10.41, 10.63, 10.7, 10.13, 11.26, 10.48, 10.44, 11, 10.63, 10.7, 10.26, 10.87, 10.92, 10.62, 10.85, 10.48, 10.69, 10.39, 10.43, 10.67, 10.63, 10.64, 10.47, 10.79, 10.54, 10.71, 10.43, 11.09, 10.96, 10.71, 11.06, 10.5, 23.73, 24.94, 25.18
, , 4.14118, 4.09799, 4.31828, 3.25376, 2.5199, 3.64055, 3.42084, 2.93877, 3.09243, 3.2032, 3.44193, 3.22327, 3.31624, 3.20698, 3.37446, 3.00337, 3.24941, 3.30173, 2.72096, 3.02955, 2.71174, 3.00725, 3.03681, 3.08342, 3.38343, 3.09016, 3.21543, 3.23608, 3.33782, 3.18042, 3.26566, 3.10833, 2.88869, 3.28343, 3.20202, 3.01998, 3.51704, 3.03654, 3.11495, 3.22946, 3.28171, 3.41097, 2.56745, 2.61627, 3.27987, 4.38744, 5.0067, 5.02193
Number Out, 0, 9.93, 9.28, 9.41, 0.91, 0.78, 0.88, 0.83, 0.89, 0.7, 0.68, 0.8, 0.69, 0.78, 0.62, 0.69, 0.85, 0.62, 0.76, 0.9, 0.95, 0.67, 0.8, 0.66, 0.79, 0.84, 0.76, 0.78, 0.78, 0.73, 0.91, 0.9, 0.63, 0.78, 0.84, 0.75, 0.81, 0.8, 0.86, 0.66, 0.87, 0.71, 0.77, 0.77, 0.68, 0.68, 7.43, 7.6, 7.47
, , 2.99917, 3.03541, 3.22269, 0.964993, 0.859645, 0.879394, 0.943398, 0.839613, 0.822659, 0.802521, 0.852803, 0.812715, 0.938299, 0.896458, 0.787465, 0.903137, 0.885118, 0.933333, 0.969223, 0.891883, 0.899551, 0.840875, 0.768312, 1.008, 0.99209, 0.805536, 0.927471, 0.938299, 0.941254, 0.933063, 1, 0.733815, 0.894201, 0.99209, 0.936089, 0.774531, 0.97442, 0.964208, 0.819214, 0.906263, 0.85629, 0.736563, 0.776615, 0.77694, 0.886259, 2.39636, 2.65147, 2.43897
, 1, 0, 0, 0, 0, 0, 0.01, 0, 0, 0.01, 0, 0, 0.01, 0, 0, 0, 0.01, 0.01, 0, 0, 0, 0, 0, 0.01, 0, 0.01, 0, 0, 0, 0, 0.01, 0, 0, 0.01, 0, 0, 0, 0.01, 0, 0, 0, 0, 0.01, 0.01, 0, 0, 0.01, 0, 0
, , 0, 0, 0, 0, 0, 0.1, 0, 0, 0.1, 0, 0, 0.1, 0, 0, 0, 0.1, 0.1, 0, 0, 0, 0, 0, 0.1, 0, 0.1, 0, 0, 0, 0, 0.1, 0, 0, 0.1, 0, 0, 0, 0.1, 0, 0, 0, 0, 0.1, 0.1, 0, 0, 0.1, 0, 0
, 2, 1.34, 1.31, 1.44, 0.38, 0.4, 0.48, 0.34, 0.42, 0.52, 0.33, 0.35, 0.43, 0.48, 0.32, 0.4, 0.41, 0.36, 0.38, 0.33, 0.39, 0.44, 0.4, 0.37, 0.37, 0.44, 0.43, 0.37, 0.31, 0.43, 0.27, 0.29, 0.36, 0.39, 0.44, 0.34, 0.42, 0.36, 0.33, 0.37, 0.36, 0.36, 0.43, 0.3, 0.42, 0.48, 2.14, 2.17, 2.22
, , 1.2245, 1.12542, 1.13991, 0.599326, 0.603023, 0.643224, 0.554504, 0.713223, 0.745085, 0.513554, 0.641573, 0.685418, 0.731403, 0.566399, 0.710669, 0.712018, 0.5777, 0.582228, 0.569512, 0.649709, 0.756387, 0.619547, 0.562372, 0.691288, 0.671498, 0.607279, 0.676518, 0.506423, 0.755518, 0.529055, 0.498381, 0.559942, 0.548552, 0.686375, 0.589812, 0.713223, 0.541603, 0.55149, 0.630135, 0.5777, 0.594928, 0.655281, 0.541229, 0.654124, 0.745085, 1.43562, 1.53119, 1.51478
, 3, 0, 0, 0, 0.04, 0, 0.01, 0, 0, 0.01, 0.01, 0, 0.02, 0, 0.03, 0.02, 0.01, 0.02, 0.03, 0.04, 0, 0.01, 0.01, 0.02, 0.02, 0.01, 0.02, 0.02, 0, 0, 0.03, 0.01, 0.01, 0.02, 0.01, 0.01, 0.01, 0.02, 0, 0.02, 0.01, 0.03, 0.02, 0, 0.04, 0.01, 0.04, 0.05, 0.07
, , 0, 0, 0, 0.196946, 0, 0.1, 0, 0, 0.1, 0.1, 0, 0.140705, 0, 0.171447, 0.140705, 0.1, 0.140705, 0.171447, 0.196946, 0, 0.1, 0.1, 0.140705, 0.140705, 0.1, 0.140705, 0.140705, 0, 0, 0.171447, 0.1, 0.1, 0.140705, 0.1, 0.1, 0.1, 0.140705, 0, 0.140705, 0.1, 0.171447, 0.140705, 0, 0.196946, 0.1, 0.196946, 0.219043, 0.256432
, 4, 0, 0, 0, 0.21, 0.33, 0.32, 0.37, 0.27, 0.35, 0.34, 0.27, 0.32, 0.39, 0.36, 0.35, 0.29, 0.4, 0.32, 0.27, 0.36, 0.44, 0.38, 0.33, 0.27, 0.29, 0.33, 0.39, 0.4, 0.23, 0.29, 0.35, 0.32, 0.31, 0.3, 0.21, 0.33, 0.37, 0.29, 0.26, 0.3, 0.33, 0.4, 0.37, 0.38, 0.32, 0, 0, 0
, , 0, 0, 0, 0.456048, 0.569512, 0.601009, 0.580056, 0.509605, 0.609272, 0.623124, 0.489382, 0.529532, 0.58422, 0.611671, 0.5, 0.53739, 0.619547, 0.566399, 0.547815, 0.611671, 0.742913, 0.599326, 0.636515, 0.509605, 0.518253, 0.55149, 0.649709, 0.635642, 0.529055, 0.607944, 0.538892, 0.566399, 0.544857, 0.541229, 0.433333, 0.58698, 0.645967, 0.555869, 0.484507, 0.559581, 0.58698, 0.586033, 0.613896, 0.582228, 0.529532, 0, 0, 0
, 5, 0.24, 0.33, 0.38, 0.92, 0.84, 1, 0.77, 0.91, 1.11, 0.78, 1.08, 1.21, 1.04, 0.99, 1.09, 1.04, 1.03, 1.15, 0.88, 0.75, 0.88, 1.14, 1.05, 1.1, 1.12, 0.89, 0.85, 1.13, 1.08, 0.99, 0.9, 0.86, 1.02, 0.96, 1.13, 0.75, 0.95, 0.85, 0.92, 0.98, 1.12, 0.99, 0.87, 1.03, 0.93, 0.28, 0.25, 0.29
, , 0.53409, 0.55149, 0.508116, 0.89533, 0.906987, 0.97442, 0.814701, 0.888706, 0.983654, 0.894201, 0.883976, 1.13079, 1.08171, 1.09632, 1.01598, 1.00423, 1.04886, 0.988571, 0.956424, 0.757121, 0.935063, 1.06382, 1.05768, 1.03962, 0.997775, 0.95235, 0.880484, 0.981187, 0.96064, 1.03957, 1.01005, 0.887853, 1.00484, 0.863631, 0.991428, 0.880484, 0.868937, 0.833333, 0.89533, 0.931817, 0.956424, 0.948097, 0.77401, 0.858175, 0.86754, 0.514045, 0.457817, 0.518253
, 6, 2.11, 2.03, 2.03, 3.28, 3, 2.81, 2.78, 2.99, 2.89, 3.08, 3.04, 2.83, 2.98, 2.93, 2.91, 3.13, 2.8, 2.94, 2.95, 2.94, 2.99, 2.88, 3.05, 2.67, 2.57, 2.84, 3.1, 2.99, 2.91, 2.92, 2.72, 3.02, 2.84, 2.94, 2.85, 2.98, 3.27, 3.01, 3.05, 2.74, 2.9, 2.98, 3.04, 3.06, 2.83, 1.99, 2.19, 2.14
, , 1.57567, 1.29064, 1.44568, 1.72375, 1.75234, 1.80736, 1.94147, 1.84498, 1.73435, 1.64335, 1.83082, 1.92828, 1.83666, 1.81606, 2.00048, 1.80154, 1.63299, 1.98387, 1.76598, 1.81364, 1.82848, 1.72492, 1.86068, 1.52458, 1.68927, 1.58732, 1.81742, 1.75519, 1.85916, 1.77343, 1.80951, 1.81453, 1.58732, 1.88465, 1.72548, 1.74066, 2.1782, 2.09615, 1.95078, 1.64298, 1.87218, 1.79213, 1.76338, 1.77423, 1.90191, 1.43896, 1.39765, 1.5441
, 7, 0.81, 0.67, 0.97, 1.61, 1.77, 1.42, 1.72, 1.55, 1.68, 1.68, 1.44, 1.45, 1.48, 1.4, 1.23, 1.46, 1.48, 1.47, 1.67, 1.45, 1.69, 1.55, 1.38, 1.52, 1.67, 1.66, 1.64, 1.52, 1.42, 1.41, 1.36, 1.52, 1.44, 1.44, 1.36, 1.53, 1.51, 1.66, 1.51, 1.5, 1.57, 1.63, 1.48, 1.58, 1.59, 4.73, 4.99, 5.62
, , 0.884148, 0.829445, 1.04886, 1.1625, 1.40601, 1.26475, 1.27984, 1.20918, 1.08134, 1.31717, 1.21705, 1.29782, 1.21006, 1.22268, 1.14464, 1.10481, 1.22664, 1.29844, 1.27172, 1.28216, 1.47501, 1.32097, 1.31641, 1.29084, 1.32615, 1.32741, 1.29115, 1.16758, 1.24056, 1.24799, 1.23517, 1.36685, 1.20872, 1.36567, 1.25142, 1.38137, 1.34461, 1.31978, 1.2185, 1.2673, 1.43727, 1.30775, 1.16758, 1.27271, 1.23987, 2.30439, 2.2179, 2.18248
, 8, 0.49, 0.46, 0.52, 2.26, 2.11, 2.08, 2.17, 2, 2.04, 1.94, 2.07, 2.11, 1.92, 2.07, 1.88, 1.99, 1.74, 2.22, 2.09, 2.15, 2.13, 1.86, 2.04, 1.93, 2.08, 2.15, 1.98, 2.03, 2.07, 2.17, 2.13, 1.99, 1.98, 1.99, 1.99, 1.94, 1.98, 2.02, 2.14, 1.96, 2.07, 1.88, 2.17, 1.88, 1.96, 1.8, 2.08, 2.18
, , 0.75872, 0.593228, 0.6739, 1.33802, 1.35509, 1.50205, 1.67606, 1.30268, 1.42786, 1.26985, 1.41603, 1.38458, 1.22829, 1.40888, 1.30485, 1.4106, 1.21123, 1.49464, 1.22347, 1.51341, 1.40457, 1.33349, 1.29428, 1.29689, 1.58707, 1.4521, 1.24706, 1.58564, 1.53909, 1.40745, 1.41175, 1.38166, 1.34825, 1.49406, 1.59858, 1.49626, 1.24706, 1.31025, 1.55713, 1.52369, 1.42315, 1.3505, 1.47062, 1.21672, 1.39204, 1.35587, 1.69777, 1.47969
,Sum, 14.92, 14.08, 14.75, 9.61, 9.23, 9.01, 8.98, 9.03, 9.31, 8.84, 9.05, 9.07, 9.07, 8.72, 8.57, 9.19, 8.46, 9.27, 9.13, 8.99, 9.25, 9.02, 8.91, 8.67, 9.03, 9.08, 9.13, 9.16, 8.87, 9, 8.66, 8.71, 8.79, 8.92, 8.64, 8.77, 9.27, 9.02, 8.93, 8.72, 9.09, 9.11, 9.01, 9.07, 8.8, 18.42, 19.33, 19.99
, , 3.34145, 3.55244, 3.86482, 2.5302, 2.2956, 2.79066, 3.05829, 2.71715, 2.63885, 2.51348, 3.08589, 2.74967, 2.73494, 2.47851, 2.5908, 2.68815, 2.63397, 2.64329, 2.61176, 2.63042, 2.25798, 2.40362, 2.49077, 2.57044, 2.6985, 2.66924, 2.65016, 2.51749, 2.84145, 2.55446, 2.52351, 2.59485, 2.41751, 2.56109, 2.63051, 2.45713, 3.028, 2.43286, 2.39214, 2.7269, 2.89233, 2.80654, 2.2179, 2.01637, 2.71546, 3.21982, 3.81929, 3.50323
Number Expired, 0, 0.01, 0.02, 0.01, 0.14, 0.12, 0.28, 0.18, 0.19, 0.27, 0.13, 0.14, 0.26, 0.25, 0.16, 0.3, 0.22, 0.29, 0.23, 0.14, 0.13, 0.24, 0.18, 0.27, 0.17, 0.22, 0.25, 0.2, 0.18, 0.11, 0.29, 0.24, 0.23, 0.28, 0.18, 0.23, 0.12, 0.22, 0.15, 0.27, 0.16, 0.21, 0.29, 0.25, 0.23, 0.2, 0.12, 0.03, 0.11
, , 0.1, 0.140705, 0.1, 0.376588, 0.356186, 0.551948, 0.386123, 0.464823, 0.547815, 0.337998, 0.402517, 0.484507, 0.51981, 0.419716, 0.659047, 0.504124, 0.890976, 0.529055, 0.348735, 0.366667, 0.473969, 0.519907, 0.664466, 0.403395, 0.462317, 0.5, 0.471404, 0.457927, 0.314466, 0.53739, 0.552679, 0.489382, 0.514045, 0.43531, 0.468287, 0.432984, 0.523778, 0.435194, 0.565953, 0.394917, 0.477684, 0.640312, 0.538891, 0.489382, 0.449467, 0.40899, 0.171447, 0.345095
, 1, 0, 0, 0, 0, 0, 0, 0.01, 0, 0, 0, 0, 0, 0, 0, 0, 0, 0, 0, 0, 0, 0, 0, 0.01, 0, 0, 0, 0, 0, 0, 0, 0, 0, 0, 0, 0, 0, 0, 0, 0, 0, 0, 0, 0, 0, 0, 0, 0, 0
, , 0, 0, 0, 0, 0, 0, 0.1, 0, 0, 0, 0, 0, 0, 0, 0, 0, 0, 0, 0, 0, 0, 0, 0.1, 0, 0, 0, 0, 0, 0, 0, 0, 0, 0, 0, 0, 0, 0, 0, 0, 0, 0, 0, 0, 0, 0, 0, 0, 0
, 2, 0.11, 0.09, 0.13, 0.12, 0.1, 0.19, 0.07, 0.14, 0.08, 0.14, 0.14, 0.16, 0.11, 0.11, 0.15, 0.12, 0.18, 0.12, 0.15, 0.14, 0.11, 0.09, 0.11, 0.07, 0.2, 0.12, 0.14, 0.15, 0.13, 0.12, 0.13, 0.11, 0.13, 0.15, 0.13, 0.12, 0.05, 0.12, 0.17, 0.13, 0.24, 0.14, 0.19, 0.2, 0.12, 0.56, 0.68, 0.6
, , 0.37322, 0.320826, 0.393251, 0.356186, 0.301511, 0.394277, 0.256432, 0.348735, 0.27266, 0.376588, 0.348735, 0.368453, 0.37322, 0.314466, 0.411329, 0.356186, 0.479478, 0.356186, 0.35887, 0.449916, 0.345096, 0.320826, 0.423907, 0.256432, 0.426401, 0.326599, 0.376587, 0.385992, 0.393251, 0.356186, 0.418149, 0.345096, 0.393251, 0.385992, 0.393251, 0.356186, 0.261116, 0.356186, 0.403395, 0.366667, 0.552679, 0.376588, 0.442559, 0.471405, 0.356186, 0.84471, 0.874787, 0.840875
, 3, 0, 0, 0, 0, 0, 0, 0, 0, 0, 0, 0, 0, 0, 0, 0, 0, 0, 0, 0, 0, 0, 0, 0, 0, 0.01, 0, 0, 0, 0, 0, 0, 0, 0, 0, 0, 0, 0, 0, 0, 0, 0, 0, 0, 0, 0, 0.07, 0.1, 0.06
, , 0, 0, 0, 0, 0, 0, 0, 0, 0, 0, 0, 0, 0, 0, 0, 0, 0, 0, 0, 0, 0, 0, 0, 0, 0.1, 0, 0, 0, 0, 0, 0, 0, 0, 0, 0, 0, 0, 0, 0, 0, 0, 0, 0, 0, 0, 0.256432, 0.301511, 0.238683
, 4, 0, 0, 0, 0, 0, 0, 0, 0, 0, 0.01, 0, 0, 0, 0, 0, 0, 0, 0, 0, 0, 0, 0, 0, 0, 0, 0, 0, 0, 0, 0, 0, 0, 0, 0, 0, 0.01, 0.01, 0, 0, 0, 0, 0, 0, 0, 0, 0, 0, 0
, , 0, 0, 0, 0, 0, 0, 0, 0, 0, 0.1, 0, 0, 0, 0, 0, 0, 0, 0, 0, 0, 0, 0, 0, 0, 0, 0, 0, 0, 0, 0, 0, 0, 0, 0, 0, 0.1, 0.1, 0, 0, 0, 0, 0, 0, 0, 0, 0, 0, 0
, 5, 0.06, 0.02, 0.05, 0.01, 0.02, 0.02, 0.02, 0.01, 0.01, 0.02, 0, 0.02, 0.02, 0.01, 0.04, 0.04, 0.02, 0.03, 0.01, 0.01, 0.01, 0.01, 0.03, 0.05, 0.06, 0.04, 0.05, 0.05, 0.04, 0.05, 0.02, 0.04, 0.03, 0.04, 0.03, 0.02, 0.02, 0.04, 0.01, 0.05, 0.04, 0.03, 0.01, 0.02, 0.04, 0.29, 0.45, 0.44
, , 0.238683, 0.140705, 0.219043, 0.1, 0.140705, 0.140705, 0.140705, 0.1, 0.1, 0.140705, 0, 0.140705, 0.140705, 0.1, 0.196946, 0.196946, 0.2, 0.171447, 0.1, 0.1, 0.1, 0.1, 0.171447, 0.219043, 0.277798, 0.196946, 0.219043, 0.261116, 0.196946, 0.219043, 0.140705, 0.196946, 0.171447, 0.196946, 0.171447, 0.2, 0.140705, 0.196946, 0.1, 0.219043, 0.196946, 0.171447, 0.1, 0.140705, 0.196946, 0.591096, 0.701729, 0.656283
, 6, 0.6, 0.66, 0.66, 0.71, 0.69, 0.96, 0.63, 0.65, 0.81, 0.7, 0.81, 0.92, 0.97, 0.7, 0.94, 0.73, 0.8, 0.8, 0.62, 0.78, 0.88, 0.85, 1.01, 0.77, 0.87, 0.91, 0.66, 0.84, 0.77, 0.78, 0.88, 0.86, 0.74, 0.91, 0.92, 0.89, 0.75, 0.79, 0.73, 0.73, 0.89, 0.94, 0.82, 0.96, 0.92, 1.41, 1.7, 1.55
, , 0.97442, 0.843514, 0.806789, 0.977474, 0.971253, 1.23844, 0.82456, 0.925235, 1.06073, 1.03962, 0.950226, 1.13422, 1.26695, 1, 1.09008, 0.951925, 1.51757, 1.03475, 0.96169, 0.916515, 1.16584, 1.1044, 2.08164, 1.06225, 1.0116, 1.02588, 0.855405, 1.02218, 1.09963, 1.07853, 1.19155, 1.19781, 0.799242, 1.18998, 1.02178, 1.05309, 1.27426, 1.02784, 0.951925, 0.962478, 1.01399, 1.17911, 0.988622, 1.13636, 1.13422, 1.24799, 1.50756, 1.38808
, 7, 0.25, 0.24, 0.19, 0.56, 0.47, 0.42, 0.33, 0.37, 0.39, 0.47, 0.37, 0.57, 0.58, 0.5, 0.54, 0.48, 0.47, 0.64, 0.38, 0.42, 0.49, 0.41, 0.59, 0.55, 0.51, 0.54, 0.44, 0.43, 0.46, 0.45, 0.57, 0.48, 0.55, 0.58, 0.53, 0.53, 0.58, 0.46, 0.5, 0.52, 0.45, 0.67, 0.48, 0.6, 0.47, 0.65, 0.59, 0.59
, , 0.538891, 0.473969, 0.442559, 0.756387, 0.771395, 0.698917, 0.697108, 0.661419, 0.665074, 0.70288, 0.630135, 0.86754, 0.806288, 0.758787, 0.744271, 0.745085, 1.0096, 0.958956, 0.632136, 0.684312, 0.64346, 0.697688, 1.44317, 0.833333, 0.834787, 0.702377, 0.80804, 0.655282, 0.757721, 0.74366, 0.794616, 0.771722, 0.770347, 0.843035, 0.858175, 0.797154, 0.900954, 0.642281, 0.689019, 0.834605, 0.729951, 0.910711, 0.688726, 0.828775, 0.731057, 0.868937, 0.817671, 0.779731
, 8, 0.16, 0.1, 0.14, 0.02, 0, 0, 0.01, 0, 0, 0, 0, 0, 0.01, 0, 0.01, 0, 0, 0.01, 0.02, 0, 0, 0, 0.01, 0, 0.02, 0.01, 0.02, 0.01, 0.01, 0, 0.03, 0, 0.03, 0.01, 0, 0.01, 0, 0, 0, 0, 0.01, 0.02, 0.01, 0.01, 0.01, 1.61, 1.97, 2.13
, , 0.394917, 0.301511, 0.426875, 0.140705, 0, 0, 0.1, 0, 0, 0, 0, 0, 0.1, 0, 0.1, 0, 0, 0.1, 0.140705, 0, 0, 0, 0.1, 0, 0.140705, 0.1, 0.140705, 0.1, 0.1, 0, 0.171447, 0, 0.171447, 0.1, 0, 0.1, 0, 0, 0, 0, 0.1, 0.140705, 0.1, 0.1, 0.1, 1.22181, 1.72008, 1.81829
,Sum, 1.19, 1.13, 1.18, 1.56, 1.4, 1.87, 1.25, 1.36, 1.56, 1.47, 1.46, 1.93, 1.94, 1.48, 1.98, 1.59, 1.76, 1.83, 1.32, 1.48, 1.73, 1.54, 2.03, 1.61, 1.89, 1.87, 1.51, 1.66, 1.52, 1.69, 1.87, 1.72, 1.76, 1.87, 1.84, 1.7, 1.63, 1.56, 1.68, 1.59, 1.84, 2.09, 1.76, 2.02, 1.76, 4.71, 5.52, 5.48
, , 1.36104, 1.15168, 1.23403, 1.62257, 1.54397, 1.92619, 1.44512, 1.56683, 1.56554, 1.69047, 1.359, 1.91883, 2.03415, 1.64826, 1.99484, 1.79277, 3.15306, 1.92828, 1.5101, 1.46667, 1.54302, 1.73158, 4.24134, 1.56924, 1.99947, 1.65545, 1.59858, 1.62816, 1.62977, 1.72735, 2.20493, 1.82618, 1.45727, 2.02836, 1.85712, 1.62369, 2.01336, 1.67163, 1.57557, 1.62117, 1.89481, 2.34023, 1.60252, 1.92789, 1.66436, 2.6602, 3.23016, 3.10906
